date,open,high,low,close,volume,signal
2023-01-03,3853.2900390625,3878.4599609375,3794.330078125,3824.139892578125,3959140000,1
2023-01-04,3840.360107421875,3873.159912109375,3815.77001953125,3852.969970703125,4414080000,1
2023-01-05,3839.739990234375,3839.739990234375,3802.419921875,3808.10009765625,3893450000,1
2023-01-06,3823.3701171875,3906.18994140625,3809.56005859375,3895.080078125,3923560000,1
2023-01-09,3910.820068359375,3950.570068359375,3890.419921875,3892.090087890625,4311770000,1
2023-01-10,3888.570068359375,3919.830078125,3877.2900390625,3919.25,3851030000,1
2023-01-11,3932.35009765625,3970.070068359375,3928.5400390625,3969.610107421875,4303360000,1
2023-01-12,3977.570068359375,3997.760009765625,3937.56005859375,3983.169921875,4440260000,1
2023-01-13,3960.60009765625,4003.949951171875,3947.669921875,3999.090087890625,3939700000,1
2023-01-17,3999.280029296875,4015.389892578125,3984.570068359375,3990.969970703125,4235560000,1
2023-01-18,4002.25,4014.159912109375,3926.590087890625,3928.860107421875,4298710000,1
2023-01-19,3911.840087890625,3922.93994140625,3885.5400390625,3898.85009765625,3991500000,1
2023-01-20,3909.0400390625,3972.9599609375,3897.860107421875,3972.610107421875,4013360000,1
2023-01-23,3978.139892578125,4039.31005859375,3971.639892578125,4019.81005859375,3945210000,1
2023-01-24,4001.739990234375,4023.919921875,3989.7900390625,4016.949951171875,3320430000,1
2023-01-25,3982.7099609375,4019.550048828125,3949.06005859375,4016.219970703125,3724020000,1
2023-01-26,4036.080078125,4061.570068359375,4013.2900390625,4060.429931640625,3809590000,1
2023-01-27,4053.719970703125,4094.2099609375,4048.699951171875,4070.56005859375,3907760000,1
2023-01-30,4049.27001953125,4063.85009765625,4015.550048828125,4017.77001953125,3802000000,1
2023-01-31,4020.85009765625,4077.159912109375,4020.43994140625,4076.60009765625,4679320000,1
2023-02-01,4070.070068359375,4148.9501953125,4037.199951171875,4119.2099609375,4856930000,1
2023-02-02,4158.68017578125,4195.43994140625,4141.8798828125,4179.759765625,5624360000,-1
2023-02-03,4136.68994140625,4182.35986328125,4123.35986328125,4136.47998046875,4694510000,-1
2023-02-06,4119.56982421875,4124.6298828125,4093.3798828125,4111.080078125,4114240000,-1
2023-02-07,4105.35009765625,4176.5400390625,4088.389892578125,4164.0,4355860000,-1
2023-02-08,4153.47021484375,4156.85009765625,4111.669921875,4117.85986328125,4029820000,-1
2023-02-09,4144.25,4156.22998046875,4069.669921875,4081.5,4270200000,-1
2023-02-10,4068.919921875,4094.360107421875,4060.7900390625,4090.4599609375,3891520000,-1
2023-02-13,4096.6201171875,4138.89990234375,4092.669921875,4137.2900390625,3448620000,-1
2023-02-14,4126.7001953125,4159.77001953125,4095.010009765625,4136.1298828125,3929200000,-1
2023-02-15,4119.5,4148.10986328125,4103.97998046875,4147.60009765625,4075980000,-1
2023-02-16,4114.75,4136.5400390625,4089.489990234375,4090.409912109375,4143660000,-1
2023-02-17,4077.389892578125,4081.510009765625,4047.949951171875,4079.090087890625,4045480000,-1
2023-02-21,4052.35009765625,4052.35009765625,3995.18994140625,3997.340087890625,4121590000,-1
2023-02-22,4001.830078125,4017.3701171875,3976.89990234375,3991.050048828125,4079320000,-1
2023-02-23,4018.60009765625,4028.300048828125,3969.18994140625,4012.320068359375,3952940000,-1
2023-02-24,3973.239990234375,3978.25,3943.080078125,3970.0400390625,3877700000,-1
2023-02-27,3992.360107421875,4018.050048828125,3973.550048828125,3982.239990234375,3836950000,-1
2023-02-28,3977.18994140625,3997.5,3968.97998046875,3970.14990234375,5043400000,-1
2023-03-01,3963.340087890625,3971.72998046875,3939.050048828125,3951.389892578125,4249480000,-1
2023-03-02,3938.679931640625,3990.840087890625,3928.159912109375,3981.35009765625,4244900000,-1
2023-03-03,3998.02001953125,4048.2900390625,3995.169921875,4045.639892578125,4084730000,-1
2023-03-06,4055.14990234375,4078.489990234375,4044.610107421875,4048.419921875,4000870000,-1
2023-03-07,4048.260009765625,4050.0,3980.31005859375,3986.3701171875,3922500000,-1
2023-03-08,3987.550048828125,4000.409912109375,3969.760009765625,3992.010009765625,3535570000,-1
2023-03-09,3998.659912109375,4017.81005859375,3908.699951171875,3918.320068359375,4445260000,-1
2023-03-10,3912.77001953125,3934.050048828125,3846.320068359375,3861.590087890625,5518190000,1
2023-03-13,3835.1201171875,3905.050048828125,3808.860107421875,3855.760009765625,6558020000,1
2023-03-14,3894.010009765625,3937.2900390625,3873.6298828125,3919.2900390625,5665870000,1
2023-03-15,3876.739990234375,3894.260009765625,3838.239990234375,3891.929931640625,6594010000,1
2023-03-16,3878.929931640625,3964.4599609375,3864.110107421875,3960.280029296875,5695790000,1
2023-03-17,3958.68994140625,3958.909912109375,3901.27001953125,3916.639892578125,9354280000,1
2023-03-20,3917.469970703125,3956.6201171875,3916.889892578125,3951.570068359375,5347140000,1
2023-03-21,3975.889892578125,4009.080078125,3971.18994140625,4002.8701171875,4920240000,1
2023-03-22,4002.0400390625,4039.489990234375,3936.169921875,3936.969970703125,4533010000,1
2023-03-23,3959.2099609375,4007.659912109375,3919.050048828125,3948.719970703125,4991600000,1
2023-03-24,3939.2099609375,3972.739990234375,3909.159912109375,3970.989990234375,4583970000,1
2023-03-27,3982.929931640625,4003.830078125,3970.489990234375,3977.530029296875,4233540000,1
2023-03-28,3974.1298828125,3979.199951171875,3951.530029296875,3971.27001953125,4014600000,1
2023-03-29,3999.530029296875,4030.590087890625,3999.530029296875,4027.81005859375,4145250000,1
2023-03-30,4046.739990234375,4057.85009765625,4032.10009765625,4050.830078125,3930860000,1
2023-03-31,4056.179931640625,4110.75,4056.179931640625,4109.31005859375,4525120000,1
2023-04-03,4102.2001953125,4127.66015625,4098.7900390625,4124.509765625,4234700000,1
2023-04-04,4128.02978515625,4133.1298828125,4086.8701171875,4100.60009765625,4227800000,1
2023-04-05,4094.5,4099.68994140625,4072.56005859375,4090.3798828125,3968020000,1
2023-04-06,4081.14990234375,4107.31982421875,4069.840087890625,4105.02001953125,3486690000,1
2023-04-10,4085.199951171875,4109.5,4072.550048828125,4109.10986328125,3423650000,1
2023-04-11,4110.2900390625,4124.259765625,4102.60986328125,4108.93994140625,3665830000,1
2023-04-12,4121.72021484375,4134.3701171875,4086.93994140625,4091.949951171875,3633120000,1
2023-04-13,4100.0400390625,4150.259765625,4099.39990234375,4146.22021484375,3596590000,1
2023-04-14,4140.10986328125,4163.18994140625,4113.2001953125,4137.64013671875,3575690000,1
2023-04-17,4137.169921875,4151.72021484375,4123.18017578125,4151.31982421875,3611180000,1
2023-04-18,4164.259765625,4169.47998046875,4140.35986328125,4154.8701171875,3536640000,1
2023-04-19,4139.330078125,4162.56982421875,4134.490234375,4154.52001953125,3572560000,1
2023-04-20,4130.47998046875,4148.56982421875,4114.56982421875,4129.7900390625,3772080000,1
2023-04-21,4132.14013671875,4138.02001953125,4113.85986328125,4133.52001953125,3611750000,1
2023-04-24,4132.06982421875,4142.41015625,4117.77001953125,4137.0400390625,3290940000,1
2023-04-25,4126.43017578125,4126.43017578125,4071.3798828125,4071.6298828125,3978640000,1
2023-04-26,4087.780029296875,4089.669921875,4049.35009765625,4055.989990234375,3837030000,1
2023-04-27,4075.2900390625,4138.240234375,4075.2900390625,4135.35009765625,3750550000,1
2023-04-28,4129.6298828125,4170.06005859375,4127.18017578125,4169.47998046875,4087800000,1
2023-05-01,4166.7900390625,4186.919921875,4164.1201171875,4167.8701171875,3321370000,1
2023-05-02,4164.10009765625,4164.10009765625,4089.719970703125,4119.580078125,4486130000,1
2023-05-03,4122.25,4148.2998046875,4088.860107421875,4090.75,4246510000,1
2023-05-04,4082.550048828125,4082.610107421875,4048.280029296875,4061.219970703125,4920090000,1
2023-05-05,4084.72998046875,4147.02001953125,4084.72998046875,4136.25,4186270000,1
2023-05-08,4136.97998046875,4142.2998046875,4123.81005859375,4138.1201171875,3641640000,1
2023-05-09,4124.25,4130.35009765625,4116.64990234375,4119.169921875,3810140000,1
2023-05-10,4143.740234375,4154.27978515625,4098.919921875,4137.64013671875,4057160000,1
2023-05-11,4132.240234375,4132.7998046875,4109.2900390625,4130.6201171875,3752900000,1
2023-05-12,4138.5400390625,4143.740234375,4099.1201171875,4124.080078125,3533740000,1
2023-05-15,4126.64990234375,4141.25,4110.27001953125,4136.27978515625,3562170000,1
2023-05-16,4127.9501953125,4135.5400390625,4109.85986328125,4109.89990234375,3654200000,1
2023-05-17,4122.85009765625,4164.669921875,4113.6201171875,4158.77001953125,4039080000,1
2023-05-18,4157.68017578125,4202.2001953125,4153.5,4198.0498046875,3980500000,1
2023-05-19,4204.14990234375,4212.91015625,4180.2001953125,4191.97998046875,4041900000,1
2023-05-22,4190.77978515625,4209.22021484375,4179.68017578125,4192.6298828125,3728520000,1
2023-05-23,4176.7998046875,4185.68017578125,4142.5400390625,4145.580078125,4155320000,1
2023-05-24,4132.9599609375,4132.9599609375,4103.97998046875,4115.240234375,0,1
2023-05-25,4155.7099609375,4165.740234375,4129.72998046875,4151.27978515625,4147760000,1
2023-05-26,4156.16015625,4212.8701171875,4156.16015625,4205.4501953125,3715460000,1
2023-05-30,4226.7099609375,4231.10009765625,4192.18017578125,4205.52001953125,4228510000,1
2023-05-31,4190.740234375,4195.43994140625,4166.14990234375,4179.830078125,5980670000,1
2023-06-01,4183.02978515625,4232.43017578125,4171.64013671875,4221.02001953125,4391860000,1
2023-06-02,4241.009765625,4290.669921875,4241.009765625,4282.3701171875,4454200000,1
2023-06-05,4282.990234375,4299.27978515625,4266.81982421875,4273.7900390625,3813290000,1
2023-06-06,4271.33984375,4288.330078125,4263.08984375,4283.85009765625,3996560000,1
2023-06-07,4285.47021484375,4299.18994140625,4263.9599609375,4267.52001953125,4537800000,1
2023-06-08,4268.68994140625,4298.009765625,4261.06982421875,4293.93017578125,3826740000,1
2023-06-09,4304.8798828125,4322.6201171875,4291.7001953125,4298.85986328125,3786510000,1
2023-06-12,4308.31982421875,4340.1298828125,4304.3701171875,4338.93017578125,3945670000,1
2023-06-13,4352.60986328125,4375.3701171875,4349.31005859375,4369.009765625,4275400000,1
2023-06-14,4366.2900390625,4391.81982421875,4337.85009765625,4372.58984375,4252110000,1
2023-06-15,4365.330078125,4439.2001953125,4362.60009765625,4425.83984375,4176690000,1
2023-06-16,4440.9501953125,4448.47021484375,4407.43994140625,4409.58984375,6848600000,1
2023-06-20,4396.10986328125,4400.14990234375,4367.18994140625,4388.7099609375,4055790000,1
2023-06-21,4380.009765625,4386.22021484375,4360.14013671875,4365.68994140625,3709330000,1
2023-06-22,4355.39990234375,4382.25,4351.81982421875,4381.89013671875,3511000000,1
2023-06-23,4354.169921875,4366.5498046875,4341.33984375,4348.330078125,6053620000,1
2023-06-26,4344.83984375,4362.06005859375,4328.080078125,4328.81982421875,3415030000,1
2023-06-27,4337.35986328125,4384.419921875,4335.0,4378.41015625,3573500000,1
2023-06-28,4367.47998046875,4390.35009765625,4360.22021484375,4376.85986328125,3739330000,1
2023-06-29,4374.93994140625,4398.39013671875,4371.97021484375,4396.43994140625,3696660000,1
2023-06-30,4422.43994140625,4458.47998046875,4422.43994140625,4450.3798828125,3923450000,1
2023-07-03,4450.47998046875,4456.4599609375,4442.2900390625,4455.58984375,2034280000,1
2023-07-05,4442.0400390625,4454.06005859375,4436.60986328125,4446.81982421875,3482620000,1
2023-07-06,4422.6201171875,4422.6201171875,4385.0498046875,4411.58984375,3682020000,1
2023-07-07,4404.5400390625,4440.39013671875,4397.39990234375,4398.9501953125,3630480000,1
2023-07-10,4394.22998046875,4412.60009765625,4389.919921875,4409.52978515625,3429600000,1
2023-07-11,4415.5498046875,4443.64013671875,4408.4599609375,4439.259765625,3624220000,1
2023-07-12,4467.68994140625,4488.33984375,4463.22998046875,4472.16015625,3920290000,1
2023-07-13,4491.5,4517.3798828125,4489.35986328125,4510.0400390625,3839530000,1
2023-07-14,4514.60986328125,4527.759765625,4499.56005859375,4505.419921875,3647450000,1
2023-07-17,4508.85986328125,4532.85009765625,4504.89990234375,4522.7900390625,3538240000,1
2023-07-18,4521.77978515625,4562.2998046875,4514.58984375,4554.97998046875,4090010000,1
2023-07-19,4563.8701171875,4578.43017578125,4557.47998046875,4565.72021484375,4115670000,1
2023-07-20,4554.3798828125,4564.740234375,4527.56005859375,4534.8701171875,3761770000,1
2023-07-21,4550.16015625,4555.0,4535.7900390625,4536.33984375,3570190000,1
2023-07-24,4543.39013671875,4563.41015625,4541.2900390625,4554.64013671875,3856250000,1
2023-07-25,4555.18994140625,4580.6201171875,4552.419921875,4567.4599609375,3812470000,1
2023-07-26,4558.9599609375,4582.47021484375,4547.580078125,4566.75,3990290000,1
2023-07-27,4598.259765625,4607.06982421875,4528.56005859375,4537.41015625,4553210000,1
2023-07-28,4565.75,4590.16015625,4564.009765625,4582.22998046875,3981010000,1
2023-07-31,4584.81982421875,4594.22021484375,4573.14013671875,4588.9599609375,4503600000,-1
2023-08-01,4578.830078125,4584.6201171875,4567.52978515625,4576.72998046875,4042370000,-1
2023-08-02,4550.93017578125,4550.93017578125,4505.75,4513.39013671875,4270710000,-1
2023-08-03,4494.27001953125,4519.490234375,4485.5400390625,4501.89013671875,4149120000,-1
2023-08-04,4513.9599609375,4540.33984375,4474.5498046875,4478.02978515625,4143310000,-1
2023-08-07,4491.580078125,4519.83984375,4491.14990234375,4518.43994140625,3493920000,-1
2023-08-08,4498.02978515625,4503.31005859375,4464.39013671875,4499.3798828125,3884910000,-1
2023-08-09,4501.56982421875,4502.43994140625,4461.330078125,4467.7099609375,3803100000,-1
2023-08-10,4487.16015625,4527.3701171875,4457.919921875,4468.830078125,4504370000,-1
2023-08-11,4450.68994140625,4476.22998046875,4443.97998046875,4464.0498046875,3753290000,-1
2023-08-14,4458.1298828125,4490.330078125,4453.43994140625,4489.72021484375,3896410000,-1
2023-08-15,4478.8701171875,4478.8701171875,4432.18994140625,4437.85986328125,3832250000,-1
2023-08-16,4433.7900390625,4449.9501953125,4403.5498046875,4404.330078125,3753910000,-1
2023-08-17,4416.31982421875,4421.169921875,4364.830078125,4370.35986328125,3943700000,-1
2023-08-18,4344.8798828125,4381.81982421875,4335.31005859375,4369.7099609375,3940400000,-1
2023-08-21,4380.27978515625,4407.5498046875,4360.2998046875,4399.77001953125,3726850000,-1
2023-08-22,4415.330078125,4418.58984375,4382.77001953125,4387.5498046875,3522760000,-1
2023-08-23,4396.43994140625,4443.18017578125,4396.43994140625,4436.009765625,3837270000,-1
2023-08-24,4455.16015625,4458.2998046875,4375.5498046875,4376.31005859375,3723470000,-1
2023-08-25,4389.3798828125,4418.4599609375,4356.2900390625,4405.7099609375,3296180000,-1
2023-08-28,4426.02978515625,4439.56005859375,4414.97998046875,4433.31005859375,2957230000,-1
2023-08-29,4432.75,4500.14013671875,4431.68017578125,4497.6298828125,3354820000,-1
2023-08-30,4500.33984375,4521.64990234375,4493.58984375,4514.8701171875,3064110000,-1
2023-08-31,4517.009765625,4532.259765625,4507.39013671875,4507.66015625,3946360000,-1
2023-09-01,4530.60009765625,4541.25,4501.35009765625,4515.77001953125,3246260000,-1
2023-09-05,4510.06005859375,4514.2900390625,4496.009765625,4496.830078125,3526250000,-1
2023-09-06,4490.35009765625,4490.35009765625,4442.3798828125,4465.47998046875,3418850000,-1
2023-09-07,4434.5498046875,4457.81005859375,4430.4599609375,4451.14013671875,3763760000,-1
2023-09-08,4451.2998046875,4473.52978515625,4448.3798828125,4457.490234375,3259290000,-1
2023-09-11,4480.97998046875,4490.77001953125,4467.89013671875,4487.4599609375,3369920000,-1
2023-09-12,4473.27001953125,4487.10986328125,4456.830078125,4461.89990234375,3435740000,-1
2023-09-13,4462.64990234375,4479.39013671875,4453.52001953125,4467.43994140625,3529430000,-1
2023-09-14,4487.77978515625,4511.990234375,4478.68994140625,4505.10009765625,3648720000,-1
2023-09-15,4497.97998046875,4497.97998046875,4447.2099609375,4450.31982421875,6932230000,-1
2023-09-18,4445.1298828125,4466.35986328125,4442.10986328125,4453.52978515625,3161230000,-1
2023-09-19,4445.41015625,4449.85009765625,4416.60986328125,4443.9501953125,3614880000,-1
2023-09-20,4452.81005859375,4461.02978515625,4401.3798828125,4402.2001953125,3308450000,-1
2023-09-21,4374.35986328125,4375.7001953125,4329.169921875,4330.0,3662340000,-1
2023-09-22,4341.740234375,4357.39990234375,4316.490234375,4320.06005859375,3349570000,-1
2023-09-25,4310.6201171875,4338.509765625,4302.7001953125,4337.43994140625,3195650000,-1
2023-09-26,4312.8798828125,4313.009765625,4265.97998046875,4273.52978515625,3472340000,-1
2023-09-27,4282.6298828125,4292.06982421875,4238.6298828125,4274.509765625,3875880000,-1
2023-09-28,4269.64990234375,4317.27001953125,4264.3798828125,4299.7001953125,3846230000,-1
2023-09-29,4328.18017578125,4333.14990234375,4274.85986328125,4288.0498046875,3865960000,-1
2023-10-02,4284.52001953125,4300.580078125,4260.2099609375,4288.39013671875,3938660000,-1
2023-10-03,4269.75,4281.14990234375,4216.4501953125,4229.4501953125,3953830000,-1
2023-10-04,4233.830078125,4268.5,4220.47998046875,4263.75,3777600000,-1
2023-10-05,4259.31005859375,4267.1298828125,4225.91015625,4258.18994140625,3581470000,-1
2023-10-06,4234.7900390625,4324.10009765625,4219.5498046875,4308.5,3902030000,-1
2023-10-09,4289.02001953125,4341.72998046875,4283.7900390625,4335.66015625,3174630000,-1
2023-10-10,4339.75,4385.4599609375,4339.64013671875,4358.240234375,3520240000,-1
2023-10-11,4366.58984375,4378.64013671875,4345.33984375,4376.9501953125,3601660000,-1
2023-10-12,4380.93994140625,4385.85009765625,4325.43017578125,4349.60986328125,3713140000,-1
2023-10-13,4360.490234375,4377.10009765625,4311.97021484375,4327.77978515625,3566560000,-1
2023-10-16,4342.3701171875,4383.330078125,4342.3701171875,4373.6298828125,3409960000,-1
2023-10-17,4345.22998046875,4393.56982421875,4337.5400390625,4373.2001953125,3794850000,-1
2023-10-18,4357.35009765625,4364.2001953125,4303.83984375,4314.60009765625,3686030000,-1
2023-10-19,4321.35986328125,4339.5400390625,4269.68994140625,4278.0,3969730000,-1
2023-10-20,4273.85009765625,4276.56005859375,4223.02978515625,4224.16015625,4004030000,-1
2023-10-23,4210.39990234375,4255.83984375,4189.22021484375,4217.0400390625,3776100000,-1
2023-10-24,4235.7900390625,4259.3798828125,4219.43017578125,4247.68017578125,3821820000,-1
2023-10-25,4232.419921875,4232.419921875,4181.419921875,4186.77001953125,3869370000,-1
2023-10-26,4175.990234375,4183.60009765625,4127.89990234375,4137.22998046875,4277640000,-1
2023-10-27,4152.93017578125,4156.7001953125,4103.77978515625,4117.3701171875,4019500000,1
2023-10-30,4139.39013671875,4177.47021484375,4132.93994140625,4166.81982421875,3911140000,1
2023-10-31,4171.330078125,4195.5498046875,4153.1201171875,4193.7998046875,4249470000,1
2023-11-01,4201.27001953125,4245.64013671875,4197.740234375,4237.85986328125,4224900000,1
2023-11-02,4268.259765625,4319.72021484375,4268.259765625,4317.77978515625,4669780000,1
2023-11-03,4334.22998046875,4373.6201171875,4334.22998046875,4358.33984375,4570960000,1
2023-11-06,4364.27001953125,4372.2099609375,4347.52978515625,4365.97998046875,3656340000,1
2023-11-07,4366.2099609375,4386.259765625,4355.41015625,4378.3798828125,3791230000,1
2023-11-08,4384.3701171875,4391.2001953125,4359.759765625,4382.77978515625,3729510000,1
2023-11-09,4391.41015625,4393.39990234375,4343.93994140625,4347.35009765625,3900780000,1
2023-11-10,4364.14990234375,4418.02978515625,4353.33984375,4415.240234375,3665080000,1
2023-11-13,4406.66015625,4421.759765625,4393.81982421875,4411.5498046875,3326240000,1
2023-11-14,4458.97021484375,4508.669921875,4458.97021484375,4495.7001953125,4700350000,1
2023-11-15,4505.2998046875,4521.169921875,4495.31005859375,4502.8798828125,4347170000,1
2023-11-16,4497.080078125,4511.990234375,4487.830078125,4508.240234375,3964520000,1
2023-11-17,4509.5498046875,4520.1201171875,4499.66015625,4514.02001953125,3777240000,1
2023-11-20,4511.7001953125,4557.10986328125,4510.35986328125,4547.3798828125,3644790000,1
2023-11-21,4538.77001953125,4542.14013671875,4525.509765625,4538.18994140625,3511080000,1
2023-11-22,4553.0400390625,4568.43017578125,4545.0498046875,4556.6201171875,3042810000,1
2023-11-24,4555.83984375,4560.31005859375,4552.7998046875,4559.33984375,1639500000,1
2023-11-27,4554.85986328125,4560.52001953125,4546.31982421875,4550.43017578125,3403990000,1
2023-11-28,4545.5498046875,4568.14013671875,4540.509765625,4554.89013671875,3586240000,1
2023-11-29,4571.83984375,4587.64013671875,4547.14990234375,4550.580078125,4418760000,1
2023-11-30,4554.8701171875,4569.89013671875,4537.240234375,4567.7998046875,5399300000,1
2023-12-01,4559.43017578125,4599.39013671875,4554.7099609375,4594.6298828125,4397120000,1
2023-12-04,4564.3701171875,4572.3701171875,4546.72021484375,4569.77978515625,4369910000,1
2023-12-05,4557.25,4578.56005859375,4551.68017578125,4567.18017578125,3909950000,1
2023-12-06,4586.22998046875,4590.740234375,4546.5,4549.33984375,4245680000,1
2023-12-07,4568.83984375,4590.919921875,4565.22021484375,4585.58984375,3818880000,1
2023-12-08,4576.2001953125,4609.22998046875,4574.06005859375,4604.3701171875,3707010000,1
2023-12-11,4593.39013671875,4623.7099609375,4593.39013671875,4622.43994140625,3823210000,1
2023-12-12,4618.2998046875,4643.93017578125,4608.08984375,4643.7001953125,3808380000,1
2023-12-13,4646.2001953125,4709.68994140625,4643.22998046875,4707.08984375,5063650000,1
2023-12-14,4721.0400390625,4738.56982421875,4694.33984375,4719.5498046875,6314040000,1
2023-12-15,4714.22998046875,4725.52978515625,4704.68994140625,4719.18994140625,8218980000,1
2023-12-18,4725.580078125,4749.52001953125,4725.580078125,4740.56005859375,4060340000,1
2023-12-19,4743.72021484375,4768.68994140625,4743.72021484375,4768.3701171875,4026970000,1
2023-12-20,4764.72998046875,4778.009765625,4697.81982421875,4698.35009765625,4201320000,1
2023-12-21,4724.2900390625,4748.7099609375,4708.35009765625,4746.75,3431180000,1
2023-12-22,4753.919921875,4772.93994140625,4736.77001953125,4754.6298828125,3046770000,1
2023-12-26,4758.85986328125,4784.72021484375,4758.4501953125,4774.75,2513910000,1
2023-12-27,4773.4501953125,4785.39013671875,4768.89990234375,4781.580078125,2748450000,1
2023-12-28,4786.43994140625,4793.2998046875,4780.97998046875,4783.35009765625,2698860000,1
2023-12-29,4782.8798828125,4788.43017578125,4751.990234375,4769.830078125,3126060000,1
2024-01-02,4745.2001953125,4754.330078125,4722.669921875,4742.830078125,3743050000,1
2024-01-03,4725.06982421875,4729.2900390625,4699.7099609375,4704.81005859375,3950760000,1
2024-01-04,4697.419921875,4726.77978515625,4687.52978515625,4688.68017578125,3715480000,1
2024-01-05,4690.56982421875,4721.490234375,4682.10986328125,4697.240234375,3844370000,1
2024-01-08,4703.7001953125,4764.5400390625,4699.81982421875,4763.5400390625,3742320000,1
2024-01-09,4741.93017578125,4765.47021484375,4730.35009765625,4756.5,3529960000,1
2024-01-10,4759.93994140625,4790.7998046875,4756.2001953125,4783.4501953125,3498680000,1
2024-01-11,4792.1298828125,4798.5,4739.580078125,4780.240234375,3759890000,1
2024-01-12,4791.18017578125,4802.39990234375,4768.97998046875,4783.830078125,3486340000,1
2024-01-16,4772.35009765625,4782.33984375,4747.1201171875,4765.97998046875,4260550000,1
2024-01-17,4739.1298828125,4744.22998046875,4714.81982421875,4739.2099609375,3928600000,1
2024-01-18,4760.10009765625,4785.7900390625,4740.56982421875,4780.93994140625,4019000000,1
2024-01-19,4796.27978515625,4842.06982421875,4785.8701171875,4839.81005859375,4287200000,1
2024-01-22,4853.419921875,4868.41015625,4844.0498046875,4850.43017578125,4297610000,1
2024-01-23,4856.7998046875,4866.47998046875,4844.3701171875,4864.60009765625,3912800000,1
2024-01-24,4888.56005859375,4903.68017578125,4865.93994140625,4868.5498046875,4330030000,1
2024-01-25,4886.66015625,4898.14990234375,4869.33984375,4894.16015625,4020430000,1
2024-01-26,4888.91015625,4906.68994140625,4881.47021484375,4890.97021484375,3353400000,1
2024-01-29,4892.9501953125,4929.31005859375,4887.39990234375,4927.93017578125,3525160000,1
2024-01-30,4925.89013671875,4931.08984375,4916.27001953125,4924.97021484375,3836130000,1
2024-01-31,4899.18994140625,4906.75,4845.14990234375,4845.64990234375,4696120000,1
2024-02-01,4861.10986328125,4906.97021484375,4853.52001953125,4906.18994140625,4386090000,1
2024-02-02,4916.06005859375,4975.2900390625,4907.990234375,4958.60986328125,3974350000,1
2024-02-05,4957.18994140625,4957.18994140625,4918.08984375,4942.81005859375,4023640000,1
2024-02-06,4950.16015625,4957.77001953125,4934.8798828125,4954.22998046875,4440880000,1
2024-02-07,4973.0498046875,4999.89013671875,4969.0498046875,4995.06005859375,4895590000,1
2024-02-08,4995.16015625,5000.39990234375,4987.08984375,4997.91015625,4341860000,1
2024-02-09,5004.169921875,5030.06005859375,5000.33984375,5026.60986328125,3912990000,1
2024-02-12,5026.830078125,5048.39013671875,5016.830078125,5021.83984375,3805740000,1
2024-02-13,4967.93994140625,4971.2998046875,4920.31005859375,4953.169921875,4302190000,1
2024-02-14,4976.43994140625,5002.52001953125,4956.4501953125,5000.6201171875,3845600000,1
2024-02-15,5003.14013671875,5032.72021484375,4999.43994140625,5029.72998046875,4137970000,1
2024-02-16,5031.1298828125,5038.7001953125,4999.52001953125,5005.56982421875,3833270000,1
2024-02-20,4989.31982421875,4993.7099609375,4955.02001953125,4975.509765625,4034880000,1
2024-02-21,4963.02978515625,4983.2099609375,4946.0,4981.7998046875,3788390000,1
2024-02-22,5038.830078125,5094.39013671875,5038.830078125,5087.02978515625,4051710000,1
2024-02-23,5100.919921875,5111.06005859375,5081.4599609375,5088.7998046875,3672790000,1
2024-02-26,5093.0,5097.66015625,5068.91015625,5069.52978515625,3683930000,1
2024-02-27,5074.60009765625,5080.68994140625,5057.2900390625,5078.18017578125,3925950000,1
2024-02-28,5067.2001953125,5077.3701171875,5058.35009765625,5069.759765625,3789370000,1
2024-02-29,5085.35986328125,5104.990234375,5061.89013671875,5096.27001953125,5219740000,1
2024-03-01,5098.509765625,5140.330078125,5094.16015625,5137.080078125,4748110000,1
2024-03-04,5130.990234375,5149.669921875,5127.18017578125,5130.9501953125,4758440000,1
2024-03-05,5110.52001953125,5114.5400390625,5056.81982421875,5078.64990234375,4418410000,1
2024-03-06,5108.02978515625,5127.97021484375,5092.22021484375,5104.759765625,4559050000,1
2024-03-07,5132.3798828125,5165.6201171875,5128.2099609375,5157.35986328125,4137980000,1
2024-03-08,5164.4599609375,5189.259765625,5117.5,5123.68994140625,4208870000,1
2024-03-11,5111.9599609375,5124.66015625,5091.14013671875,5117.93994140625,3896430000,1
2024-03-12,5134.2998046875,5179.8701171875,5114.47998046875,5175.27001953125,4080510000,1
2024-03-13,5173.490234375,5179.14013671875,5151.8798828125,5165.31005859375,4282890000,1
2024-03-14,5175.14013671875,5176.85009765625,5123.2998046875,5150.47998046875,4687970000,1
2024-03-15,5123.31005859375,5136.85986328125,5104.35009765625,5117.08984375,7753670000,1
2024-03-18,5154.77001953125,5175.60009765625,5145.47021484375,5149.419921875,4036220000,1
2024-03-19,5139.08984375,5180.31005859375,5131.58984375,5178.509765625,4031760000,1
2024-03-20,5181.68994140625,5226.18994140625,5171.5498046875,5224.6201171875,4064850000,1
2024-03-21,5253.43017578125,5261.10009765625,5240.66015625,5241.52978515625,4207730000,1
2024-03-22,5242.47998046875,5246.08984375,5229.8701171875,5234.18017578125,3374700000,1
2024-03-25,5219.52001953125,5229.08984375,5216.08984375,5218.18994140625,3331360000,1
2024-03-26,5228.85009765625,5235.16015625,5203.419921875,5203.580078125,3871790000,1
2024-03-27,5226.31005859375,5249.259765625,5213.919921875,5248.490234375,3850500000,1
2024-03-28,5248.02978515625,5264.85009765625,5245.81982421875,5254.35009765625,3998270000,-1
2024-04-01,5257.97021484375,5263.9501953125,5229.2001953125,5243.77001953125,3325930000,-1
2024-04-02,5204.2900390625,5208.33984375,5184.0498046875,5205.81005859375,3886590000,-1
2024-04-03,5194.3701171875,5228.75,5194.3701171875,5211.490234375,3703250000,-1
2024-04-04,5244.0498046875,5256.58984375,5146.06005859375,5147.2099609375,4075680000,-1
2024-04-05,5158.9501953125,5222.18017578125,5157.2099609375,5204.33984375,3386780000,-1
2024-04-08,5211.3701171875,5219.56982421875,5197.35009765625,5202.39013671875,3278180000,-1
2024-04-09,5217.02978515625,5224.81005859375,5160.77978515625,5209.91015625,3400680000,-1
2024-04-10,5167.8798828125,5178.43017578125,5138.7001953125,5160.64013671875,3845930000,-1
2024-04-11,5172.9501953125,5211.77978515625,5138.77001953125,5199.06005859375,3509380000,-1
2024-04-12,5171.509765625,5175.02978515625,5107.93994140625,5123.41015625,3963220000,-1
2024-04-15,5149.669921875,5168.43017578125,5052.47021484375,5061.81982421875,3950210000,-1
2024-04-16,5064.58984375,5079.83984375,5039.830078125,5051.41015625,4006200000,-1
2024-04-17,5068.97021484375,5077.9599609375,5007.25,5022.2099609375,3596130000,-1
2024-04-18,5031.52001953125,5056.66015625,5001.89013671875,5011.1201171875,3619760000,-1
2024-04-19,5005.43994140625,5019.02001953125,4953.56005859375,4967.22998046875,3878750000,1
2024-04-22,4987.330078125,5038.83984375,4969.39990234375,5010.60009765625,3820250000,1
2024-04-23,5028.85009765625,5076.1201171875,5027.9599609375,5070.5498046875,3751400000,1
2024-04-24,5084.85986328125,5089.47998046875,5047.02001953125,5071.6298828125,3656740000,1
2024-04-25,5019.8798828125,5057.75,4990.580078125,5048.419921875,3958050000,1
2024-04-26,5084.64990234375,5114.6201171875,5073.14013671875,5099.9599609375,3604140000,1
2024-04-29,5114.1298828125,5123.490234375,5088.64990234375,5116.169921875,3447450000,1
2024-04-30,5103.77978515625,5110.830078125,5035.31005859375,5035.68994140625,4082470000,1
2024-05-01,5029.02978515625,5096.1201171875,5013.4501953125,5018.39013671875,4544170000,1
2024-05-02,5049.31982421875,5073.2099609375,5011.0498046875,5064.2001953125,4381660000,1
2024-05-03,5122.77978515625,5139.1201171875,5101.22021484375,5127.7900390625,3924990000,1
2024-05-06,5142.419921875,5181.0,5142.419921875,5180.740234375,3683250000,1
2024-05-07,5187.2001953125,5200.22998046875,5178.9599609375,5187.7001953125,3987890000,1
2024-05-08,5168.97998046875,5191.9501953125,5165.85986328125,5187.669921875,3842100000,1
2024-05-09,5189.02978515625,5215.2998046875,5180.41015625,5214.080078125,3727370000,1
2024-05-10,5225.490234375,5239.66015625,5209.68017578125,5222.68017578125,3617900000,1
2024-05-13,5233.080078125,5237.259765625,5211.16015625,5221.419921875,4255710000,1
2024-05-14,5221.10009765625,5250.3701171875,5217.97998046875,5246.68017578125,4763580000,1
2024-05-15,5263.259765625,5311.759765625,5263.259765625,5308.14990234375,4360810000,1
2024-05-16,5310.06982421875,5325.490234375,5296.18994140625,5297.10009765625,3817470000,1
2024-05-17,5303.10009765625,5305.4501953125,5283.58984375,5303.27001953125,3578120000,1
2024-05-20,5305.35009765625,5325.31982421875,5302.39990234375,5308.1298828125,3420100000,1
2024-05-21,5298.68994140625,5324.31982421875,5297.8701171875,5321.41015625,3662240000,1
2024-05-22,5319.27978515625,5323.18017578125,5286.009765625,5307.009765625,3847130000,1
2024-05-23,5340.259765625,5341.8798828125,5256.93017578125,5267.83984375,3869520000,1
2024-05-24,5281.4501953125,5311.64990234375,5278.39013671875,5304.72021484375,3005510000,1
2024-05-28,5315.91015625,5315.91015625,5280.89013671875,5306.0400390625,3751540000,1
2024-05-29,5278.72998046875,5282.27001953125,5262.7001953125,5266.9501953125,3552750000,1
2024-05-30,5259.77001953125,5260.2099609375,5222.10009765625,5235.47998046875,3818750000,1
2024-05-31,5243.2099609375,5280.330078125,5191.68017578125,5277.509765625,5437160000,1
2024-06-03,5297.14990234375,5302.10986328125,5234.31982421875,5283.39990234375,4046920000,1
2024-06-04,5278.240234375,5298.7998046875,5257.6298828125,5291.33984375,3707900000,1
2024-06-05,5314.47998046875,5354.16015625,5297.64013671875,5354.02978515625,3591460000,1
2024-06-06,5357.7998046875,5362.35009765625,5335.35986328125,5352.9599609375,3609990000,1
2024-06-07,5343.81005859375,5375.080078125,5331.330078125,5346.990234375,3692760000,1
2024-06-10,5341.22021484375,5365.7900390625,5331.52001953125,5360.7900390625,3622280000,1
2024-06-11,5353.0,5375.9501953125,5327.25,5375.31982421875,3568030000,1
2024-06-12,5409.1298828125,5447.25,5409.1298828125,5421.02978515625,3962840000,1
2024-06-13,5441.93017578125,5441.93017578125,5402.509765625,5433.740234375,3530380000,1
2024-06-14,5424.080078125,5432.39013671875,5403.75,5431.60009765625,3438650000,1
2024-06-17,5431.10986328125,5488.5,5420.39990234375,5473.22998046875,3447840000,1
2024-06-18,5476.14990234375,5490.3798828125,5471.31982421875,5487.02978515625,3544330000,1
2024-06-20,5499.990234375,5505.52978515625,5455.56005859375,5473.169921875,3847060000,1
2024-06-21,5466.77001953125,5478.31005859375,5452.02978515625,5464.6201171875,6773800000,1
2024-06-24,5459.580078125,5490.66015625,5447.58984375,5447.8701171875,3696750000,1
2024-06-25,5460.72998046875,5472.8798828125,5446.56005859375,5469.2998046875,3591960000,1
2024-06-26,5460.7099609375,5483.14013671875,5451.8701171875,5477.89990234375,3563920000,1
2024-06-27,5473.58984375,5490.81005859375,5467.5400390625,5482.8701171875,3589530000,1
2024-06-28,5488.47998046875,5523.64013671875,5451.1201171875,5460.47998046875,7199220000,1
2024-07-01,5471.080078125,5479.5498046875,5446.52978515625,5475.08984375,3488760000,1
2024-07-02,5461.83984375,5509.68994140625,5458.43017578125,5509.009765625,3329950000,1
2024-07-03,5507.43994140625,5539.27001953125,5507.419921875,5537.02001953125,2179470000,1
2024-07-05,5537.91015625,5570.330078125,5531.6298828125,5567.18994140625,3253080000,1
2024-07-08,5572.75,5583.10986328125,5562.509765625,5572.85009765625,3185670000,1
2024-07-09,5584.240234375,5590.75,5574.56982421875,5576.97998046875,3232920000,1
2024-07-10,5591.259765625,5635.39013671875,5586.43994140625,5633.91015625,3336100000,1
2024-07-11,5635.2099609375,5642.4501953125,5576.52978515625,5584.5400390625,4020950000,1
2024-07-12,5590.759765625,5655.56005859375,5590.43994140625,5615.35009765625,3700280000,1
2024-07-15,5638.16015625,5666.93994140625,5614.75,5631.22021484375,3620470000,1
2024-07-16,5644.08984375,5669.669921875,5639.02001953125,5667.2001953125,4041760000,-1
2024-07-17,5610.06982421875,5622.490234375,5584.81005859375,5588.27001953125,4246450000,-1
2024-07-18,5608.56005859375,5614.0498046875,5522.81005859375,5544.58984375,4007510000,-1
2024-07-19,5543.3701171875,5557.5,5497.0400390625,5505.0,3760570000,-1
2024-07-22,5544.5400390625,5570.35986328125,5529.0400390625,5564.41015625,3375180000,-1
2024-07-23,5565.2998046875,5585.33984375,5550.89990234375,5555.740234375,3500210000,-1
2024-07-24,5505.83984375,5508.0400390625,5419.97998046875,5427.1298828125,3945550000,-1
2024-07-25,5428.7001953125,5491.58984375,5390.9501953125,5399.22021484375,4592120000,-1
2024-07-26,5433.669921875,5488.31982421875,5430.7001953125,5459.10009765625,3638770000,-1
2024-07-29,5476.5498046875,5487.740234375,5444.43994140625,5463.5400390625,3379970000,-1
2024-07-30,5478.72998046875,5489.4599609375,5401.7001953125,5436.43994140625,3777740000,-1
2024-07-31,5505.58984375,5551.509765625,5493.75,5522.2998046875,4546910000,-1
2024-08-01,5537.83984375,5566.16015625,5410.419921875,5446.68017578125,4703620000,-1
2024-08-02,5376.6298828125,5383.89013671875,5302.02978515625,5346.56005859375,5156450000,-1
2024-08-05,5151.14013671875,5250.89013671875,5119.259765625,5186.330078125,5333250000,1
2024-08-06,5206.419921875,5312.33984375,5193.56005859375,5240.02978515625,4690190000,1
2024-08-07,5293.1298828125,5330.64013671875,5195.5400390625,5199.5,4558260000,1
2024-08-08,5252.56982421875,5328.02978515625,5233.85009765625,5319.31005859375,4016830000,1
2024-08-09,5314.66015625,5358.669921875,5300.83984375,5344.16015625,3516400000,1
2024-08-12,5351.8798828125,5371.2001953125,5324.3701171875,5344.39013671875,3360160000,1
2024-08-13,5376.97998046875,5436.5,5376.97998046875,5434.43017578125,3648980000,1
2024-08-14,5442.35986328125,5463.22021484375,5415.91015625,5455.2099609375,3380050000,1
2024-08-15,5501.1298828125,5546.22998046875,5501.1298828125,5543.22021484375,3723310000,1
2024-08-16,5530.5,5561.97998046875,5525.169921875,5554.25,3357690000,1
2024-08-19,5557.22998046875,5608.2998046875,5550.740234375,5608.25,3222050000,1
2024-08-20,5602.8798828125,5620.509765625,5585.5,5597.1201171875,2994420000,1
2024-08-21,5603.08984375,5632.68017578125,5591.56982421875,5620.85009765625,3119670000,1
2024-08-22,5637.77001953125,5643.22021484375,5560.9501953125,5570.64013671875,2981530000,1
2024-08-23,5602.490234375,5641.81982421875,5585.16015625,5634.60986328125,3291940000,1
2024-08-26,5639.66015625,5651.6201171875,5602.33984375,5616.83984375,2938570000,1
2024-08-27,5602.89013671875,5631.18017578125,5593.47998046875,5625.7998046875,2798990000,1
2024-08-28,5624.509765625,5627.02978515625,5560.9501953125,5592.18017578125,3053450000,1
2024-08-29,5607.2998046875,5646.9501953125,5583.7099609375,5591.9599609375,3065640000,1
2024-08-30,5612.740234375,5651.3701171875,5581.7900390625,5648.39990234375,4185850000,-1
2024-09-03,5623.89013671875,5623.89013671875,5504.330078125,5528.93017578125,3866350000,-1
2024-09-04,5506.68017578125,5552.990234375,5503.66015625,5520.06982421875,3478140000,-1
2024-09-05,5520.080078125,5546.2998046875,5480.5400390625,5503.41015625,3521650000,-1
2024-09-06,5507.330078125,5522.47021484375,5402.6201171875,5408.419921875,3822800000,1
2024-09-09,5442.06982421875,5484.2001953125,5434.490234375,5471.0498046875,3825940000,1
2024-09-10,5490.509765625,5497.91015625,5441.72021484375,5495.52001953125,3848180000,1
2024-09-11,5496.419921875,5560.41015625,5406.9599609375,5554.1298828125,3839450000,1
2024-09-12,5557.47998046875,5600.7099609375,5535.5,5595.759765625,3655070000,1
2024-09-13,5603.33984375,5636.27001953125,5601.64990234375,5626.02001953125,3500790000,1
2024-09-16,5615.2099609375,5636.0498046875,5604.52978515625,5633.08984375,3437070000,1
2024-09-17,5655.509765625,5670.81005859375,5614.0498046875,5634.580078125,3443600000,1
2024-09-18,5641.68017578125,5689.75,5615.080078125,5618.259765625,3691390000,1
2024-09-19,5702.6298828125,5733.56982421875,5686.419921875,5713.64013671875,4024530000,1
2024-09-20,5709.64013671875,5715.14013671875,5674.490234375,5702.5498046875,7867260000,1
2024-09-23,5711.89990234375,5725.35986328125,5704.22021484375,5718.56982421875,3529550000,1
2024-09-24,5727.66015625,5735.31982421875,5698.990234375,5732.93017578125,3872710000,1
2024-09-25,5733.64990234375,5741.02978515625,5712.06005859375,5722.259765625,3624910000,1
2024-09-26,5762.22021484375,5767.3701171875,5721.009765625,5745.3701171875,4391180000,1
2024-09-27,5755.35986328125,5763.77978515625,5727.33984375,5738.169921875,3898530000,1
2024-09-30,5726.52001953125,5765.14013671875,5703.52978515625,5762.47998046875,4425730000,1
2024-10-01,5757.72998046875,5757.72998046875,5681.27978515625,5708.75,4025180000,1
2024-10-02,5698.14013671875,5719.6298828125,5674.0,5709.5400390625,3829050000,1
2024-10-03,5698.18994140625,5718.77978515625,5677.3701171875,5699.93994140625,3597450000,1
2024-10-04,5737.47998046875,5753.2099609375,5702.830078125,5751.06982421875,3479400000,1
2024-10-07,5737.7998046875,5739.33984375,5686.85009765625,5695.93994140625,3637790000,1
2024-10-08,5719.14013671875,5757.60009765625,5714.56005859375,5751.1298828125,3393400000,1
2024-10-09,5751.7998046875,5796.7998046875,5745.02001953125,5792.0400390625,3650340000,1
2024-10-10,5778.35986328125,5795.02978515625,5764.759765625,5780.0498046875,3208790000,1
2024-10-11,5775.08984375,5822.1298828125,5775.08984375,5815.02978515625,3208720000,1
2024-10-14,5829.81005859375,5871.41015625,5829.56982421875,5859.85009765625,3005250000,1
2024-10-15,5866.740234375,5870.35986328125,5804.47998046875,5815.259765625,3882120000,1
2024-10-16,5816.580078125,5846.52001953125,5808.33984375,5842.47021484375,3467230000,1
2024-10-17,5875.6201171875,5878.4599609375,5840.25,5841.47021484375,3480010000,1
2024-10-18,5859.43017578125,5872.169921875,5846.10986328125,5864.669921875,3374490000,1
2024-10-21,5857.81982421875,5866.919921875,5824.7900390625,5853.97998046875,3407010000,1
2024-10-22,5832.7001953125,5863.0400390625,5821.169921875,5851.2001953125,3342080000,1
2024-10-23,5834.5,5834.85009765625,5762.41015625,5797.419921875,3532650000,1
2024-10-24,5817.7998046875,5817.7998046875,5784.919921875,5809.85986328125,3543030000,1
2024-10-25,5826.75,5862.81982421875,5799.97998046875,5808.1201171875,3501280000,1
2024-10-28,5833.93017578125,5842.919921875,5823.080078125,5823.52001953125,3691280000,1
2024-10-29,5819.68017578125,5847.18994140625,5802.169921875,5832.919921875,3879100000,1
2024-10-30,5832.64990234375,5850.93994140625,5811.27978515625,5813.669921875,3851120000,1
2024-10-31,5775.33984375,5775.33984375,5702.85986328125,5705.4501953125,4425660000,1
2024-11-01,5723.22021484375,5772.52001953125,5723.22021484375,5728.7998046875,3796450000,1
2024-11-04,5725.14990234375,5741.43017578125,5696.509765625,5712.68994140625,3602060000,1
2024-11-05,5722.43017578125,5783.43994140625,5722.10009765625,5782.759765625,3768310000,1
2024-11-06,5864.89013671875,5936.14013671875,5864.89013671875,5929.0400390625,6329530000,1
2024-11-07,5947.2099609375,5983.83984375,5947.2099609375,5973.10009765625,4925740000,1
2024-11-08,5976.759765625,6012.4501953125,5976.759765625,5995.5400390625,4666740000,1
2024-11-11,6008.85986328125,6017.31005859375,5986.68994140625,6001.35009765625,4333000000,1
2024-11-12,6003.60009765625,6009.919921875,5960.080078125,5983.990234375,4243400000,1
2024-11-13,5985.75,6008.18994140625,5965.91015625,5985.3798828125,4220180000,1
2024-11-14,5989.68017578125,5993.8798828125,5942.27978515625,5949.169921875,4184570000,1
2024-11-15,5912.7900390625,5915.31982421875,5853.009765625,5870.6201171875,4590960000,1
2024-11-18,5874.169921875,5908.1201171875,5865.9501953125,5893.6201171875,3983860000,1
2024-11-19,5870.0498046875,5923.509765625,5855.2900390625,5916.97998046875,4036940000,1
2024-11-20,5914.33984375,5920.669921875,5860.56005859375,5917.10986328125,3772620000,1
2024-11-21,5940.580078125,5963.31982421875,5887.259765625,5948.7099609375,4230120000,1
2024-11-22,5944.35986328125,5972.89990234375,5944.35986328125,5969.33984375,4141420000,1
2024-11-25,5992.27978515625,6020.75,5963.91015625,5987.3701171875,5633150000,1
2024-11-26,6000.02978515625,6025.419921875,5992.27001953125,6021.6298828125,3835170000,1
2024-11-27,6014.10986328125,6020.16015625,5984.8701171875,5998.740234375,3363340000,1
2024-11-29,6003.97998046875,6044.169921875,6003.97998046875,6032.3798828125,2444420000,1
2024-12-02,6040.10986328125,6053.580078125,6035.330078125,6047.14990234375,4412470000,1
2024-12-03,6042.97021484375,6052.06982421875,6033.39013671875,6049.8798828125,4095000000,1
2024-12-04,6069.39013671875,6089.83984375,6061.06005859375,6086.490234375,4003390000,1
2024-12-05,6089.02978515625,6094.5498046875,6072.89990234375,6075.10986328125,4212020000,1
2024-12-06,6081.3798828125,6099.97021484375,6079.97998046875,6090.27001953125,3924830000,-1
2024-12-09,6083.009765625,6088.509765625,6048.6298828125,6052.85009765625,4556460000,-1
2024-12-10,6057.58984375,6065.39990234375,6029.89013671875,6034.91015625,4048410000,-1
2024-12-11,6060.14990234375,6092.58984375,6060.14990234375,6084.18994140625,4269950000,-1
2024-12-12,6074.2900390625,6079.68017578125,6051.25,6051.25,3678010000,-1
2024-12-13,6068.169921875,6078.580078125,6035.77001953125,6051.08984375,3584960000,-1
2024-12-16,6063.7900390625,6085.18994140625,6059.14013671875,6074.080078125,4391100000,-1
2024-12-17,6052.5498046875,6057.68017578125,6035.18994140625,6050.60986328125,4544500000,-1
2024-12-18,6047.64990234375,6070.669921875,5867.7900390625,5872.16015625,5246960000,-1
2024-12-19,5912.7099609375,5935.52001953125,5866.06982421875,5867.080078125,4896880000,-1
2024-12-20,5842.0,5982.06005859375,5832.2998046875,5930.85009765625,8223220000,-1
2024-12-23,5940.25,5978.25,5902.56982421875,5974.06982421875,3593280000,-1
2024-12-24,5984.6298828125,6040.10009765625,5981.43994140625,6040.0400390625,1757720000,-1
2024-12-26,6024.97021484375,6049.75,6007.3701171875,6037.58984375,2904530000,-1
2024-12-27,6006.169921875,6006.169921875,5932.9501953125,5970.83984375,3159610000,-1
2024-12-30,5920.669921875,5940.7900390625,5869.16015625,5906.93994140625,3433250000,-1
2024-12-31,5919.740234375,5929.740234375,5868.85986328125,5881.6298828125,3128350000,-1
2025-01-02,5903.259765625,5935.08984375,5829.52978515625,5868.5498046875,3621680000,-1
2025-01-03,5891.06982421875,5949.33984375,5888.66015625,5942.47021484375,3667340000,-1
2025-01-06,5982.81005859375,6021.0400390625,5960.009765625,5975.3798828125,4940120000,-1
2025-01-07,5993.259765625,6000.68017578125,5890.68017578125,5909.02978515625,4517330000,-1
2025-01-08,5910.66015625,5927.89013671875,5874.77978515625,5918.25,4441740000,-1
2025-01-10,5890.35009765625,5890.35009765625,5807.77978515625,5827.0400390625,4751930000,1
2025-01-13,5782.02001953125,5838.60986328125,5773.31005859375,5836.22021484375,4421200000,1
2025-01-14,5859.27001953125,5871.919921875,5805.419921875,5842.91015625,4142280000,1
2025-01-15,5905.2099609375,5960.60986328125,5905.2099609375,5949.91015625,4544570000,1
2025-01-16,5963.60986328125,5964.68994140625,5930.72021484375,5937.33984375,4285810000,1
2025-01-17,5995.39990234375,6014.9599609375,5978.43994140625,5996.66015625,4366830000,1
2025-01-21,6014.1201171875,6051.509765625,6006.8798828125,6049.240234375,4702920000,1
2025-01-22,6081.39013671875,6100.81005859375,6076.1298828125,6086.3701171875,4323040000,1
2025-01-23,6076.31982421875,6118.72998046875,6074.669921875,6118.7099609375,4432250000,1
2025-01-24,6121.43017578125,6128.18017578125,6088.740234375,6101.240234375,4214250000,1
2025-01-27,5969.0400390625,6017.169921875,5962.919921875,6012.27978515625,5198750000,1
2025-01-28,6026.97021484375,6074.5400390625,5994.6298828125,6067.7001953125,4473640000,1
2025-01-29,6057.7001953125,6062.830078125,6012.9599609375,6039.31005859375,4115310000,1
2025-01-30,6050.75,6086.64013671875,6027.4599609375,6071.169921875,4634620000,1
2025-01-31,6096.7900390625,6120.91015625,6030.93017578125,6040.52978515625,4843770000,1
2025-02-03,5969.64990234375,6022.1298828125,5923.93017578125,5994.56982421875,4797210000,1
2025-02-04,5998.14013671875,6042.47998046875,5990.8701171875,6037.8798828125,4410160000,1
2025-02-05,6020.4501953125,6062.85986328125,6007.06005859375,6061.47998046875,4756250000,1
2025-02-06,6072.22021484375,6084.02978515625,6046.830078125,6083.56982421875,4847120000,1
2025-02-07,6083.1298828125,6101.27978515625,6019.9599609375,6025.990234375,4766900000,1
2025-02-10,6046.39990234375,6073.3798828125,6044.83984375,6066.43994140625,4458760000,1
2025-02-11,6049.31982421875,6076.27978515625,6042.33984375,6068.5,4324880000,1
2025-02-12,6025.080078125,6063.0,6003.0,6051.97021484375,4627960000,1
2025-02-13,6060.58984375,6116.91015625,6050.9501953125,6115.06982421875,4763800000,1
2025-02-14,6115.52001953125,6127.47021484375,6107.6201171875,6114.6298828125,4335190000,1
2025-02-18,6121.60009765625,6129.6298828125,6099.509765625,6129.580078125,4684980000,1
2025-02-19,6117.759765625,6147.43017578125,6111.14990234375,6144.14990234375,4562330000,-1
2025-02-20,6134.5,6134.5,6084.58984375,6117.52001953125,4813690000,-1
2025-02-21,6114.10009765625,6114.81982421875,6008.56005859375,6013.1298828125,5434560000,-1
2025-02-24,6026.68994140625,6043.64990234375,5977.830078125,5983.25,4990120000,-1
2025-02-25,5982.72998046875,5992.64990234375,5908.490234375,5955.25,5374690000,-1
2025-02-26,5970.8701171875,6009.81982421875,5932.68994140625,5956.06005859375,4869580000,-1
2025-02-27,5981.8798828125,5993.68994140625,5858.77978515625,5861.56982421875,5057680000,-1
2025-02-28,5856.740234375,5959.39990234375,5837.66015625,5954.5,6441140000,-1
2025-03-03,5968.330078125,5986.08984375,5810.91015625,5849.72021484375,5613850000,-1
2025-03-04,5811.97998046875,5865.080078125,5732.58984375,5778.14990234375,6138110000,-1
2025-03-05,5781.35986328125,5860.58984375,5742.35009765625,5842.6298828125,5285970000,-1
2025-03-06,5785.8701171875,5812.080078125,5711.64013671875,5738.52001953125,5165080000,-1
2025-03-07,5726.009765625,5783.009765625,5666.2900390625,5770.2001953125,5705140000,-1
2025-03-10,5705.3701171875,5705.3701171875,5564.02001953125,5614.56005859375,6409370000,-1
2025-03-11,5603.64990234375,5636.2998046875,5528.41015625,5572.06982421875,6221240000,-1
2025-03-12,5624.83984375,5642.18994140625,5546.08984375,5599.2998046875,5219830000,-1
2025-03-13,5594.4501953125,5597.77978515625,5504.64990234375,5521.52001953125,5018980000,1
2025-03-14,5563.85009765625,5645.27001953125,5563.85009765625,5638.93994140625,4863180000,1
2025-03-17,5635.60009765625,5703.52001953125,5631.1201171875,5675.1201171875,5031770000,1
2025-03-18,5654.52978515625,5654.52978515625,5597.759765625,5614.66015625,4666270000,1
2025-03-19,5632.3701171875,5715.330078125,5622.2001953125,5675.2900390625,4660090000,1
2025-03-20,5646.919921875,5711.14990234375,5632.330078125,5662.89013671875,4678420000,1
2025-03-21,5630.72998046875,5670.83984375,5603.10009765625,5667.56005859375,9367460000,1
2025-03-24,5718.080078125,5775.14013671875,5718.080078125,5767.56982421875,4517990000,1
2025-03-25,5775.9599609375,5786.9501953125,5760.419921875,5776.64990234375,4467340000,-1
2025-03-26,5771.66015625,5783.6201171875,5694.41015625,5712.2001953125,4183140000,-1
2025-03-27,5695.64013671875,5732.27978515625,5670.93994140625,5693.31005859375,4403460000,-1
2025-03-28,5679.2001953125,5685.89013671875,5572.419921875,5580.93994140625,4513330000,-1
2025-03-31,5527.91015625,5627.56005859375,5488.72998046875,5611.85009765625,5257250000,-1
2025-04-01,5597.52978515625,5650.56982421875,5558.52001953125,5633.06982421875,4434500000,-1
2025-04-02,5580.759765625,5695.31005859375,5571.47998046875,5670.97021484375,4243830000,-1
2025-04-03,5492.740234375,5499.52978515625,5390.830078125,5396.52001953125,7210470000,-1
2025-04-04,5292.14013671875,5292.14013671875,5069.89990234375,5074.080078125,8853500000,-1
2025-04-07,4953.7900390625,5246.56982421875,4835.0400390625,5062.25,8691980000,-1
